station,zip,route,dsp,volume,price
BKD01,93215,BKD-001,YMB,397,1.95
BKD01,93219,BKD-001,YMB,39,1.95
BKD01,93250,BKD-001,YMB,112,1.9
BKD01,93256,BKD-001,YMB,42,1.95
BKD01,93257,BKD-001,YMB,716,1.95
BKD01,93270,BKD-001,YMB,36,1.95
BKD01,93272,BKD-001,YMB,35,1.95
BKD01,93280,BKD-001,YMB,189,1.9
BKD01,93263,BKD-002,YMB,216,1.85
BKD01,93268,BKD-002,YMB,198,1.9
BKD01,93309,BKD-002,YMB,544,1.85
BKD01,93311,BKD-002,YMB,493,1.85
BKD01,93312,BKD-002,YMB,523,1.85
BKD01,93313,BKD-002,YMB,590,1.85
BKD01,93314,BKD-002,YMB,383,1.85
BKD01,93203,BKD-003,YMB,183,1.85
BKD01,93241,BKD-003,YMB,105,1.85
BKD01,93301,BKD-003,YMB,122,1.85
BKD01,93304,BKD-003,YMB,432,1.85
BKD01,93305,BKD-003,YMB,269,1.85
BKD01,93306,BKD-003,YMB,709,1.85
BKD01,93307,BKD-003,YMB,743,1.85
BKD01,93308,BKD-003,YMB,498,1.85
LAX01,91767,LAX01-018,PRG,466,1.6
LAX01,91768,LAX01-018,PRG,299,1.6
LAX01,91769,LAX01-018,PRG,0,1.6
LAX01,91711,LAX01-019,PRG,265,1.7
LAX01,91750,LAX01-019,PRG,312,1.7
LAX01,91763,LAX01-019,PRG,367,1.7
LAX01,91762,LAX01-020,PRG,663,1.6
CNO01,91752,CNO-004,TLI,455,1.55
CNO01,92506,CNO-005,UNS,420,1.7
CNO01,92501,CNO-005,UNS,233,1.7
CNO01,92502,CNO-005,UNS,0,1.7
CNO01,92517,CNO-005,UNS,0,1.7
CNO01,92521,CNO-005,UNS,0,1.7
CNO01,92507,CNO-005,UNS,570,1.7
CNO01,92503,CNO-006,CNS,813,1.55
CNO01,92556,CNO-007,DIL,0,1.6
CNO01,92555,CNO-007,DIL,545,1.6
CNO01,92551,CNO-007,DIL,394,1.6
CNO01,92324,CNO-008,AZE,574,1.65
CNO01,92313,CNO-008,AZE,129,1.65
CNO01,92350,CNO-008,AZE,0,1.65
CNO01,92354,CNO-008,AZE,218,1.65
CNO01,92413,CNO-009,UNS,0,1.7
CNO01,92406,CNO-009,UNS,0,1.7
CNO01,92405,CNO-009,UNS,289,1.7
CNO01,92411,CNO-009,UNS,262,1.7
CNO01,92423,CNO-009,UNS,0,1.7
CNO01,92410,CNO-009,UNS,496,1.7
CNO01,92401,CNO-009,UNS,23,1.7
CNO01,92408,CNO-009,UNS,137,1.7
CNO01,92334,CNO-010,PRG,0,1.6
CNO01,92335,CNO-010,PRG,832,1.6
CNO01,92331,CNO-010,PRG,0,1.6
CNO01,92337,CNO-010,PRG,325,1.6
CNO01,92336,CNO-011,UNS,1116,1.65
LAX01,91784,LAX01-021,AZE,258,1.75
LAX01,91786,LAX01-021,AZE,537,1.75
LAX01,91785,LAX01-021,AZE,0,1.75
CNO01,92395,CNO-013,PRG,492,1.75
CNO01,92393,CNO-013,PRG,0,1.75
CNO01,92394,CNO-013,PRG,462,1.75
CNO01,92518,CNO-014,PRG,24,1.7
CNO01,92571,CNO-014,PRG,614,1.75
CNO01,92586,CNO-014,PRG,285,1.75
CNO01,92307,CNO-015,SLL,514,1.8
CNO01,92308,CNO-015,SLL,534,1.8
CNO01,92345,CNO-016,PRG,1053,1.75
CNO01,92340,CNO-016,PRG,0,1.75
CNO01,92344,CNO-017,PRG,295,1.75
CNO01,92392,CNO-017,PRG,839,1.75
CNO01,92530,CNO-018,PRG,703,1.65
CNO01,92883,CNO-018,PRG,419,1.65
CNO01,92592,CNO-019,PRG,735,1.75
CNO01,92881,CNO-020,DIL,307,1.6
CNO01,92882,CNO-020,DIL,654,1.6
CNO01,92877,CNO-020,DIL,0,1.6
CNO01,92320,CNO-021,PRG,106,1.85
CNO01,92223,CNO-021,PRG,520,1.85
CNO01,92220,CNO-021,PRG,289,1.85
CNO01,92230,CNO-021,PRG,22,1.85
CNO01,92548,CNO-022,UNS,71,1.7
CNO01,92545,CNO-022,UNS,380,1.7
CNO01,92543,CNO-022,UNS,356,1.7
CNO01,92318,CNO-023,AZE,3,1.7
CNO01,92375,CNO-023,AZE,0,1.7
CNO01,92374,CNO-023,AZE,433,1.7
CNO01,92373,CNO-023,AZE,288,1.7
CNO01,92878,CNO-024,DIL,190,1.6
CNO01,92880,CNO-024,DIL,631,1.6
CNO01,92553,CNO-025,DIL,767,1.6
CNO01,92552,CNO-025,DIL,0,1.6
LAX01,91710,LAX01-022,PRG,774,1.6
LAX01,91708,LAX01-022,PRG,212,1.6
CNO01,91701,CNO-027,UNS,381,1.7
CNO01,91730,CNO-027,UNS,728,1.7
CNO01,92563,CNO-028,PRG,726,1.75
CNO01,92808,CNO-029,PRG,173,1.75
CNO01,92887,CNO-029,PRG,169,1.75
CNO01,92570,CNO-030,DIL,482,1.9
CNO01,92562,CNO-030,DIL,485,1.9
CNO01,92590,CNO-030,DIL,56,1.9
CNO01,92589,CNO-030,DIL,0,1.9
CNO01,92585,CNO-031,PRG,346,1.75
CNO01,92584,CNO-031,PRG,705,1.75
CNO01,92532,CNO-032,PRG,323,1.7
CNO01,92587,CNO-032,PRG,192,1.7
CNO01,92595,CNO-032,PRG,366,1.7
LAX01,91709,LAX01-023,PRG,712,1.6
CNO01,92316,CNO-034,SLL,309,1.65
CNO01,92376,CNO-034,SLL,891,1.65
CNO01,92404,CNO-035,UNS,608,1.7
CNO01,92346,CNO-035,UNS,587,1.7
CNO01,92544,CNO-036,UNS,517,1.75
CNO01,92860,CNO-037,CNS,247,1.6
CNO01,92505,CNO-037,CNS,442,1.6
CNO01,92879,CNO-037,CNS,490,1.6
CNO01,92371,CNO-038,PRG,181,1.9
CNO01,92301,CNO-038,PRG,426,1.9
CNO01,92342,CNO-039,PRG,73,1.9
CNO01,92311,CNO-039,PRG,369,1.9
CNO01,92596,CNO-040,PRG,343,1.75
CNO01,92591,CNO-040,PRG,414,1.85
LAX01,91766,LAX01-024,PRG,660,1.55
LAX01,91761,LAX01-025,PRG,707,1.6
CNO01,92504,CNO-043,CNS,508,1.55
CNO01,92508,CNO-043,CNS,356,1.55
CNO01,92513,CNO-044,AZE,0,1.55
CNO01,92509,CNO-044,AZE,731,1.55
CNO01,91764,CNO-045,AZE,573,1.65
CNO01,91729,CNO-045,AZE,0,1.65
CNO01,92583,CNO-046,UNS,306,1.7
CNO01,92582,CNO-046,UNS,231,1.7
CNO01,92567,CNO-046,UNS,86,1.7
CNO01,92359,CNO-047,AZE,77,1.7
CNO01,92399,CNO-047,AZE,540,1.7
CNO01,92557,CNO-048,DIL,562,1.6
CNO01,91737,CNO-049,UNS,238,1.6
CNO01,91739,CNO-049,UNS,396,1.6
CNO01,92407,CNO-050,UNS,722,1.65
CNO01,92377,CNO-050,UNS,261,1.65
FAT01,93611,FAT01-001,PEL,497,1.85
FAT01,93612,FAT01-001,PEL,360,1.85
FAT01,93619,FAT01-001,PEL,591,1.85
FAT01,93610,FAT01-002,YMB,220,1.95
FAT01,95301,FAT01-002,YMB,495,1.95
FAT01,95317,FAT01-002,YMB,7,1.95
FAT01,95333,FAT01-002,YMB,32,1.95
FAT01,95340,FAT01-002,YMB,414,1.95
FAT01,95341,FAT01-002,YMB,378,1.95
FAT01,95348,FAT01-002,YMB,446,1.95
FAT01,95365,FAT01-002,YMB,35,1.95
FAT01,95388,FAT01-002,YMB,149,1.95
FAT01,93636,FAT01-003,YMB,283,1.85
FAT01,93637,FAT01-003,YMB,420,1.85
FAT01,93638,FAT01-003,YMB,444,1.85
FAT01,93710,FAT01-003,YMB,266,1.85
FAT01,93720,FAT01-003,YMB,517,1.85
FAT01,93730,FAT01-003,YMB,144,1.85
FAT01,93630,FAT01-005,DAE,271,1.85
FAT01,93660,FAT01-005,DAE,20,1.85
FAT01,93668,FAT01-005,DAE,13,1.85
FAT01,93706,FAT01-005,DAE,403,1.85
FAT01,93722,FAT01-005,DAE,974,1.85
FAT01,93723,FAT01-005,DAE,180,1.85
FAT01,93625,FAT01-006,DAE,89,1.8
FAT01,93631,FAT01-006,DAE,179,1.8
FAT01,93662,FAT01-006,DAE,300,1.8
FAT01,93725,FAT01-006,DAE,291,1.8
FAT01,93657,FAT01-007,PEL,383,1.85
FAT01,93726,FAT01-007,PEL,434,1.85
FAT01,93727,FAT01-007,PEL,975,1.85
FAT01,93737,FAT01-007,PEL,101,1.85
FAT01,93615,FAT01-008,DAE,42,1.8
FAT01,93616,FAT01-008,DAE,20,1.8
FAT01,93618,FAT01-008,DAE,340,1.8
FAT01,93646,FAT01-008,DAE,103,1.8
FAT01,93647,FAT01-008,DAE,96,1.8
FAT01,93648,FAT01-008,DAE,156,1.8
FAT01,93654,FAT01-008,DAE,286,1.8
FAT01,93230,FAT01-009,PEL,834,2
FAT01,93245,FAT01-009,PEL,471,2
FAT01,93291,FAT01-010,SDG,710,1.95
FAT01,93650,FAT01-011,DAE,42,1.8
FAT01,93704,FAT01-011,DAE,250,1.8
FAT01,93705,FAT01-011,DAE,383,1.8
FAT01,93711,FAT01-011,DAE,381,1.8
FAT01,93620,FAT01-012,SDG,135,2
FAT01,93622,FAT01-012,SDG,119,2
FAT01,93635,FAT01-012,SDG,647,2
FAT01,93640,FAT01-012,SDG,162,2
FAT01,93204,FAT01-013,SDG,133,2
FAT01,93210,FAT01-013,SDG,216,2
FAT01,93212,FAT01-014,PEL,187,2
FAT01,93247,FAT01-014,PEL,181,2
FAT01,93267,FAT01-014,PEL,55,2
FAT01,93274,FAT01-014,PEL,902,2
FAT01,93277,FAT01-015,PEL,580,1.95
FAT01,93221,FAT01-016,PEL,152,1.95
FAT01,93223,FAT01-016,PEL,107,1.95
FAT01,93235,FAT01-016,PEL,53,1.95
FAT01,93286,FAT01-016,PEL,113,1.95
FAT01,93292,FAT01-016,PEL,514,1.95
FAT01,93701,FAT01-017,DAE,86,1.8
FAT01,93702,FAT01-017,DAE,422,1.8
FAT01,93703,FAT01-017,DAE,333,1.8
FAT01,93721,FAT01-017,DAE,41,1.8
FAT01,93728,FAT01-017,DAE,158,1.8
LAX01,91745,LAX01-001,TLI,540,1.55
LAX01,91715,LAX01-001,TLI,0,1.55
LAX01,91747,LAX01-001,TLI,0,1.55
LAX01,91790,LAX01-001,TLI,471,1.55
LAX01,91793,LAX01-001,TLI,0,1.55
LAX01,91791,LAX01-001,TLI,323,1.55
LAX01,91792,LAX01-001,TLI,298,1.55
LAX01,91744,LAX01-001,TLI,794,1.55
LAX01,91788,LAX01-002,HHU,0,1.55
LAX01,91789,LAX01-002,HHU,388,1.55
LAX01,91748,LAX01-002,HHU,456,1.55
LAX01,91765,LAX01-002,HHU,413,1.55
LAX01,90633,LAX01-003,FUS,0,1.55
LAX01,90604,LAX01-003,FUS,390,1.55
LAX01,90639,LAX01-003,FUS,3,1.55
LAX01,90638,LAX01-003,FUS,413,1.55
LAX01,90605,LAX01-003,FUS,394,1.55
LAX01,90607,LAX01-003,FUS,0,1.55
LAX01,90603,LAX01-003,FUS,183,1.55
LAX01,91773,LAX01-004,AZE,309,1.6
LAX01,91724,LAX01-004,AZE,278,1.6
LAX01,91723,LAX01-004,AZE,192,1.6
LAX01,91722,LAX01-004,AZE,363,1.6
LAX01,92821,LAX01-005,UNS,366,1.55
LAX01,92823,LAX01-005,UNS,46,1.55
LAX01,92822,LAX01-005,UNS,0,1.55
LAX01,92886,LAX01-005,UNS,422,1.55
LAX01,92870,LAX01-005,UNS,476,1.55
LAX01,90631,LAX01-005,UNS,644,1.55
LAX01,90621,LAX01-005,UNS,355,1.55
LAX01,92871,LAX01-005,UNS,0,1.55
LAX01,91010,LAX01-006,Jiugui,226,1.55
LAX01,91016,LAX01-006,Jiugui,379,1.55
LAX01,91017,LAX01-006,Jiugui,0,1.55
LAX01,91024,LAX01-006,Jiugui,74,1.55
LAX01,91008,LAX01-006,Jiugui,13,1.55
LAX01,91007,LAX01-006,Jiugui,263,1.55
LAX01,91731,LAX01-006,Jiugui,257,1.55
LAX01,91732,LAX01-006,Jiugui,562,1.55
LAX01,91706,LAX01-006,Jiugui,710,1.55
LAX01,91733,LAX01-006,Jiugui,389,1.55
LAX01,91734,LAX01-006,Jiugui,0,1.55
LAX01,92835,LAX01-007,Jiugui,216,1.65
LAX01,92831,LAX01-007,Jiugui,322,1.65
LAX01,92834,LAX01-007,Jiugui,2,1.65
LAX01,92836,LAX01-007,Jiugui,0,1.65
LAX01,92832,LAX01-007,Jiugui,228,1.65
LAX01,92833,LAX01-007,Jiugui,453,1.65
LAX01,91702,LAX01-008,AZE,595,1.6
LAX01,91740,LAX01-008,AZE,248,1.6
LAX01,91741,LAX01-008,AZE,219,1.6
LAX01,91780,LAX01-009,Jiugui,322,1.55
LAX01,91009,LAX01-009,Jiugui,0,1.55
LAX01,91066,LAX01-009,Jiugui,0,1.55
LAX01,91006,LAX01-009,Jiugui,275,1.55
LAX01,90239,LAX01-010,FUS,0,1.6
LAX01,90670,LAX01-010,FUS,185,1.6
LAX01,90651,LAX01-010,FUS,0,1.6
LAX01,90650,LAX01-010,FUS,1017,1.6
LAX01,91118,LAX01-011,CHT,0,1.6
LAX01,91030,LAX01-011,CHT,180,1.6
LAX01,91775,LAX01-011,CHT,203,1.6
LAX01,91031,LAX01-011,CHT,0,1.6
LAX01,91776,LAX01-011,CHT,355,1.6
LAX01,91802,LAX01-011,CHT,0,1.6
LAX01,91803,LAX01-011,CHT,252,1.6
LAX01,91801,LAX01-011,CHT,458,1.6
LAX01,91770,LAX01-011,CHT,606,1.6
LAX01,92806,LAX01-012,Jiugui,459,1.75
LAX01,92865,LAX01-012,Jiugui,197,1.75
LAX01,92867,LAX01-012,Jiugui,389,1.75
LAX01,92861,LAX01-012,Jiugui,55,1.75
LAX01,92817,LAX01-012,Jiugui,0,1.75
LAX01,92807,LAX01-012,Jiugui,355,1.75
LAX01,92869,LAX01-012,Jiugui,343,1.75
LAX01,91103,LAX01-013,AZE,236,1.75
LAX01,91104,LAX01-013,AZE,303,1.75
LAX01,91109,LAX01-013,AZE,0,1.75
LAX01,91106,LAX01-013,AZE,163,1.75
LAX01,91101,LAX01-013,AZE,168,1.75
LAX01,91125,LAX01-013,AZE,2,1.75
LAX01,91105,LAX01-013,AZE,115,1.75
LAX01,91107,LAX01-013,AZE,270,1.75
LAX01,91117,LAX01-013,AZE,0,1.75
LAX01,91108,LAX01-013,AZE,90,1.75
LAX01,91126,LAX01-013,AZE,0,1.75
LAX01,90041,LAX01-014,TLI,218,1.65
LAX01,90050,LAX01-014,TLI,0,1.65
LAX01,90042,LAX01-014,TLI,431,1.65
LAX01,90242,LAX01-015,FUS,422,1.6
LAX01,90241,LAX01-015,FUS,445,1.6
LAX01,90240,LAX01-015,FUS,267,1.6
LAX01,90022,LAX01-016,DUF,568,1.65
LAX01,90023,LAX01-016,DUF,371,1.65
LAX01,90040,LAX01-016,DUF,116,1.65
LAX01,90058,LAX01-016,DUF,56,1.65
LAX01,90063,LAX01-016,DUF,424,1.65
LAX01,90270,LAX01-016,DUF,225,1.65
LAX01,90640,LAX01-016,DUF,607,1.65
LAX01,91754,LAX01-016,DUF,294,1.65
LAX01,91755,LAX01-016,DUF,240,1.65
LAX01,91756,LAX01-016,DUF,0,1.65
LAX01,90201,LAX01-017,DUF,890,1.7
LAX01,90255,LAX01-017,DUF,647,1.7
LAX01,90280,LAX01-017,DUF,868,1.7
LAX02,90601,LAX02-003,DMIS,336,1.75
LAX02,90602,LAX02-003,DMIS,238,1.75
LAX02,90606,LAX02-003,DMIS,310,1.75
LAX02,90660,LAX02-003,DMIS,571,1.75
LAX02,91746,LAX02-003,DMIS,299,1.75
LAX02,90001,LAX02-004,HHL,562,1.7
LAX02,90002,LAX02-004,HHL,570,1.7
LAX02,90003,LAX02-004,HHL,770,1.7
LAX02,90012,LAX02-005,CHT,302,2.2
LAX02,90013,LAX02-005,CHT,159,2.2
LAX02,90014,LAX02-005,CHT,129,2.2
LAX02,90015,LAX02-005,CHT,330,2.2
LAX02,90017,LAX02-005,CHT,340,2.2
LAX02,90021,LAX02-005,CHT,183,2.2
LAX02,90026,LAX02-005,CHT,513,2.2
LAX02,90033,LAX02-005,CHT,408,2.2
LAX02,90057,LAX02-005,CHT,394,2.2
LAX02,90071,LAX02-005,CHT,11,2.2
LAX02,90079,LAX02-005,CHT,0,2.2
LAX02,90011,LAX02-006,YJN,918,1.75
LAX02,90037,LAX02-006,YJN,623,1.75
LAX02,90062,LAX02-006,YJN,392,1.75
LAX02,90031,LAX02-007,HHL,326,1.7
LAX02,90032,LAX02-007,HHL,365,1.7
LAX02,90065,LAX02-007,HHL,359,1.7
LAX02,90059,LAX02-008,DUF,494,1.65
LAX02,90061,LAX02-008,DUF,342,1.65
LAX03,90220,LAX03-021,AKE,621,1.65
LAX03,90221,LAX03-021,AKE,578,1.65
LAX03,90222,LAX03-021,AKE,353,1.65
LAX03,90223,LAX03-021,AKE,0,1.65
LAX02,90262,LAX02-008,DUF,644,1.65
LAX02,90044,LAX02-009,YJN,1081,1.75
LAX02,90047,LAX02-009,YJN,698,1.75
LAX02,90007,LAX02-010,YJN,318,1.75
LAX02,90018,LAX02-010,YJN,535,1.75
LAX02,90089,LAX02-010,YJN,13,1.75
LAX02,90004,LAX02-011,CHT,553,2.05
LAX02,90005,LAX02-011,CHT,384,2.05
LAX02,90006,LAX02-011,CHT,490,2.05
LAX02,90010,LAX02-011,CHT,93,2.05
LAX02,90019,LAX02-011,CHT,579,2.05
LAX02,90020,LAX02-011,CHT,382,2.05
LAX02,90029,LAX02-011,CHT,320,2.05
LAX02,90043,LAX02-012,YJN,582,1.8
LAX02,90301,LAX02-012,YJN,403,1.8
LAX02,90302,LAX02-012,YJN,329,1.8
LAX02,90308,LAX02-012,YJN,0,1.8
LAX02,90039,LAX02-013,AZE,213,1.9
LAX02,91201,LAX02-013,AZE,227,1.9
LAX02,91203,LAX02-013,AZE,171,1.9
LAX02,91204,LAX02-013,AZE,168,1.9
LAX02,91205,LAX02-013,AZE,378,1.9
LAX02,91206,LAX02-013,AZE,323,1.9
LAX02,91210,LAX02-013,AZE,9,1.9
LAX02,91221,LAX02-013,AZE,0,1.9
LAX02,90303,LAX02-014,YJN,293,1.8
LAX02,90304,LAX02-014,YJN,264,1.8
LAX02,90305,LAX02-014,YJN,211,1.8
LAX02,90247,LAX02-015,YJN,496,1.8
LAX02,90248,LAX02-015,YJN,126,1.8
LAX02,90504,LAX02-015,YJN,275,1.8
LAX02,90027,LAX02-016,CHT,380,2.1
LAX02,90028,LAX02-016,CHT,426,2.1
LAX02,90068,LAX02-016,CHT,211,2.1
LAX02,90249,LAX02-017,YJN,297,1.75
LAX02,90250,LAX02-017,YJN,1007,1.75
LAX02,90251,LAX02-017,YJN,0,1.75
LAX02,90260,LAX02-017,YJN,335,1.75
LAX02,90008,LAX02-018,UNS,405,1.9
LAX02,90016,LAX02-018,UNS,507,1.9
LAX02,90034,LAX02-018,UNS,451,1.9
LAX02,90056,LAX02-018,UNS,88,1.9
LAX02,90230,LAX02-018,UNS,246,1.9
LAX02,90232,LAX02-018,UNS,133,1.9
LAX02,90035,LAX02-019,AZE,264,1.95
LAX02,90036,LAX02-019,AZE,353,1.95
LAX02,90048,LAX02-019,AZE,216,1.95
LAX02,90069,LAX02-019,AZE,233,1.95
LAX02,90209,LAX02-019,AZE,0,1.95
LAX02,90211,LAX02-019,AZE,88,1.95
LAX02,90038,LAX02-020,AZE,289,2.05
LAX02,90046,LAX02-020,AZE,495,2.05
LAX02,91604,LAX02-020,AZE,278,2.05
LAX02,90045,LAX02-021,YJN,364,1.85
LAX02,90245,LAX02-021,YJN,147,1.85
LAX02,90254,LAX02-021,YJN,149,1.85
LAX02,90266,LAX02-021,YJN,242,1.85
LAX02,90267,LAX02-021,YJN,0,1.85
LAX02,90278,LAX02-021,YJN,342,1.85
LAX02,90293,LAX02-021,YJN,105,1.85
LAX02,90277,LAX02-022,DUF,288,1.8
LAX02,90501,LAX02-022,DUF,415,1.8
LAX02,90503,LAX02-022,DUF,360,1.8
LAX02,90505,LAX02-022,DUF,288,1.8
LAX02,90510,LAX02-022,DUF,0,1.8
LAX02,90717,LAX02-022,DUF,205,1.8
LAX02,90024,LAX02-023,DMIS,257,2.05
LAX02,90025,LAX02-023,DMIS,372,2.05
LAX02,90064,LAX02-023,DMIS,242,2.05
LAX02,90067,LAX02-023,DMIS,46,2.05
LAX02,90073,LAX02-023,DMIS,3,2.05
LAX02,90095,LAX02-023,DMIS,1,2.05
LAX02,90212,LAX02-023,DMIS,132,2.05
LAX02,90213,LAX02-023,DMIS,0,2.05
LAX02,91505,LAX02-024,DUF,296,1.85
LAX02,91506,LAX02-024,DUF,172,1.85
LAX02,91507,LAX02-024,DUF,0,1.85
LAX02,91601,LAX02-024,DUF,431,1.85
LAX02,91602,LAX02-024,DUF,184,1.85
LAX02,91603,LAX02-024,DUF,0,1.85
LAX02,91606,LAX02-024,DUF,528,1.85
LAX02,91607,LAX02-024,DUF,296,1.85
LAX02,91610,LAX02-024,DUF,0,1.85
LAX02,91617,LAX02-024,DUF,0,1.85
LAX02,90066,LAX02-025,TYA,435,1.9
LAX02,90094,LAX02-025,TYA,85,2.15
LAX02,90291,LAX02-025,TYA,229,1.9
LAX02,90292,LAX02-025,TYA,266,2.15
LAX02,90294,LAX02-025,TYA,0,1.9
LAX02,90401,LAX02-025,TYA,84,1.9
LAX02,90402,LAX02-025,TYA,86,1.9
LAX02,90403,LAX02-025,TYA,181,1.9
LAX02,90404,LAX02-025,TYA,170,1.9
LAX02,90405,LAX02-025,TYA,212,1.9
LAX02,90049,LAX02-026,HHL,296,1.9
LAX02,90210,LAX02-026,HHL,249,1.9
LAX02,90274,LAX02-027,DMIS,182,1.95
LAX02,90275,LAX02-027,DMIS,303,1.95
LAX02,90731,LAX02-027,DMIS,580,1.95
LAX02,90732,LAX02-027,DMIS,195,1.95
LAX02,91401,LAX02-028,AZE,429,1.9
LAX02,91402,LAX02-028,AZE,687,1.9
LAX02,91403,LAX02-028,AZE,242,1.9
LAX02,91405,LAX02-028,AZE,572,1.9
LAX02,91411,LAX02-028,AZE,248,1.9
LAX02,91423,LAX02-028,AZE,304,1.9
LAX02,91605,LAX02-028,AZE,593,1.9
LAX02,90502,LAX02-029,DUF,191,1.8
LAX02,90710,LAX02-029,DUF,263,1.8
LAX02,90744,LAX02-029,DUF,501,1.8
LAX02,90745,LAX02-029,DUF,620,1.8
LAX02,90746,LAX02-029,DUF,371,1.8
LAX02,90748,LAX02-029,DUF,0,1.8
LAX02,90749,LAX02-029,DUF,0,1.8
LAX03,90620,LAX03-001,Jiugui,475,1.7
LAX03,90630,LAX03-001,Jiugui,460,1.7
LAX03,90680,LAX03-001,Jiugui,324,1.7
LAX03,92846,LAX03-001,Jiugui,0,1.7
LAX03,92845,LAX03-001,Jiugui,147,1.7
LAX03,92683,LAX03-002,Jiugui,1008,1.7
LAX03,92655,LAX03-002,Jiugui,98,1.7
LAX03,92708,LAX03-002,Jiugui,541,1.7
LAX03,92841,LAX03-003,Jiugui,409,1.7
LAX03,92840,LAX03-003,Jiugui,596,1.7
LAX03,92842,LAX03-003,Jiugui,0,1.7
LAX03,92843,LAX03-003,Jiugui,471,1.7
LAX03,92844,LAX03-003,Jiugui,255,1.7
LAX03,92703,LAX03-003,Jiugui,565,1.7
LAX03,92801,LAX03-004,TYA,668,1.7
LAX03,92803,LAX03-004,TYA,0,1.7
LAX03,92805,LAX03-004,TYA,746,1.7
LAX03,92804,LAX03-004,TYA,911,1.7
LAX03,92812,LAX03-004,TYA,0,1.7
LAX03,92802,LAX03-004,TYA,440,1.7
LAX03,92649,LAX03-005,FUS,324,1.75
LAX03,92648,LAX03-005,FUS,447,1.75
LAX03,92646,LAX03-006,RLK,509,1.75
LAX03,92615,LAX03-006,RLK,0,1.75
LAX03,92647,LAX03-006,RLK,576,1.75
LAX03,90814,LAX03-007,DUF,152,1.7
LAX03,90804,LAX03-007,DUF,348,1.7
LAX03,90803,LAX03-007,DUF,262,1.7
LAX03,90815,LAX03-007,DUF,343,1.7
LAX03,90840,LAX03-007,DUF,2,1.7
LAX03,90720,LAX03-007,DUF,197,1.7
LAX03,90740,LAX03-007,DUF,219,1.7
LAX03,90808,LAX03-008,DUF,329,1.7
LAX03,90701,LAX03-008,DUF,153,1.7
LAX03,90702,LAX03-008,DUF,0,1.7
LAX03,90703,LAX03-008,DUF,417,1.7
LAX03,90623,LAX03-008,DUF,141,1.7
LAX03,90715,LAX03-008,DUF,205,1.7
LAX03,90716,LAX03-008,DUF,131,1.7
LAX03,90713,LAX03-008,DUF,268,1.7
LAX03,92868,LAX03-009,Jiugui,243,1.75
LAX03,92866,LAX03-009,Jiugui,135,1.75
LAX03,92711,LAX03-009,Jiugui,0,1.75
LAX03,92706,LAX03-009,Jiugui,312,1.75
LAX03,92702,LAX03-009,Jiugui,0,1.75
LAX03,92701,LAX03-009,Jiugui,391,1.75
LAX03,92704,LAX03-009,Jiugui,766,1.75
LAX03,92707,LAX03-009,Jiugui,502,1.75
LAX03,92626,LAX03-010,TYA,505,1.75
LAX03,92628,LAX03-010,TYA,0,1.75
LAX03,92627,LAX03-010,TYA,576,1.75
LAX03,90805,LAX03-011,DUF,966,1.7
LAX03,90807,LAX03-011,DUF,310,1.7
LAX03,90712,LAX03-011,DUF,326,1.7
LAX03,90723,LAX03-011,DUF,528,1.7
LAX03,90714,LAX03-011,DUF,0,1.7
LAX03,90706,LAX03-011,DUF,810,1.7
LAX03,90755,LAX03-012,RLK,127,1.7
LAX03,90806,LAX03-012,RLK,392,1.7
LAX03,90813,LAX03-012,RLK,500,1.7
LAX03,90810,LAX03-012,RLK,406,1.7
LAX03,90801,LAX03-012,RLK,1,1.7
LAX03,90831,LAX03-012,RLK,0,1.7
LAX03,90802,LAX03-012,RLK,434,1.7
LAX03,92705,LAX03-013,DIL,472,1.9
LAX03,92782,LAX03-013,DIL,243,1.9
LAX03,92780,LAX03-013,DIL,506,1.9
LAX03,92781,LAX03-013,DIL,0,1.9
LAX03,92602,LAX03-013,DIL,234,1.9
LAX03,92620,LAX03-013,DIL,433,1.9
LAX03,92612,LAX03-014,TYA,256,1.85
LAX03,92616,LAX03-014,TYA,0,1.85
LAX03,92697,LAX03-014,TYA,0,1.85
LAX03,92617,LAX03-014,TYA,63,1.85
LAX03,92603,LAX03-014,TYA,145,1.85
LAX03,92658,LAX03-014,TYA,0,1.85
LAX03,92660,LAX03-014,TYA,351,1.85
LAX03,92663,LAX03-014,TYA,202,1.85
LAX03,92606,LAX03-015,TLI,179,1.85
LAX03,92623,LAX03-015,TLI,0,1.85
LAX03,92614,LAX03-015,TLI,285,1.85
LAX03,92604,LAX03-015,TLI,206,1.85
LAX03,92618,LAX03-015,TLI,607,1.85
LAX03,92625,LAX03-016,AKE,111,2.1
LAX03,92651,LAX03-016,AKE,232,2.1
LAX03,92657,LAX03-016,AKE,118,2.1
LAX03,92661,LAX03-016,AKE,30,2.1
LAX03,92662,LAX03-016,AKE,25,2.1
LAX03,92624,LAX03-016,AKE,68,2.1
LAX03,92629,LAX03-016,AKE,253,2.1
LAX03,92637,LAX03-017,AKE,184,2
LAX03,92654,LAX03-017,AKE,0,2
LAX03,92653,LAX03-017,AKE,287,2
LAX03,92656,LAX03-017,AKE,440,2
LAX03,92677,LAX03-017,AKE,571,2
LAX03,92607,LAX03-017,AKE,0,2
LAX03,92630,LAX03-018,AKE,656,1.85
LAX03,92691,LAX03-018,AKE,437,1.85
LAX03,92692,LAX03-018,AKE,405,1.85
LAX03,92688,LAX03-018,AKE,356,1.85
LAX03,92610,LAX03-019,FUS,110,2.1
LAX03,92679,LAX03-019,FUS,282,2.1
LAX03,92694,LAX03-019,FUS,308,2.1
LAX03,92672,LAX03-020,TYA,460,2.05
LAX03,92673,LAX03-020,TYA,274,2.05
LAX03,92675,LAX03-020,TYA,391,2.05
PLM01,92240,PLM01-001,GWE,405,2.05
PLM01,92241,PLM01-001,GWE,88,2.05
PLM01,92258,PLM01-001,GWE,4,2.05
PLM01,92276,PLM01-001,GWE,74,2.05
PLM01,92282,PLM01-001,GWE,21,2.05
PLM01,92203,PLM01-002,GWE,307,2.05
PLM01,92236,PLM01-002,GWE,378,2.05
PLM01,92234,PLM01-003,GWE,464,2.1
PLM01,92262,PLM01-003,GWE,225,2.1
PLM01,92264,PLM01-003,GWE,145,2.1
PLM01,92210,PLM01-004,GWE,31,2.1
PLM01,92211,PLM01-004,GWE,239,2.1
PLM01,92260,PLM01-004,GWE,257,2.1
PLM01,92270,PLM01-004,GWE,142,2.1
PLM01,92201,PLM01-005,GWE,555,2.1
PLM01,92253,PLM01-005,GWE,315,2.1
SAN01,91909,SAN01-01,NFE,0,1.9
SAN01,91932,SAN01-01,NFE,213,1.9
SAN01,91933,SAN01-01,NFE,0,1.9
SAN01,92149,SAN01-01,NFE,0,1.9
SAN01,92153,SAN01-01,NFE,0,1.9
SAN01,92154,SAN01-01,NFE,1060,1.9
SAN01,92173,SAN01-01,NFE,667,1.9
SAN01,92174,SAN01-01,NFE,0,1.9
SAN01,91908,SAN01-02,NFE,0,1.8
SAN01,91912,SAN01-02,NFE,0,1.8
SAN01,91913,SAN01-02,NFE,507,1.8
SAN01,91914,SAN01-02,NFE,135,1.8
SAN01,91915,SAN01-02,NFE,313,1.8
SAN01,91921,SAN01-02,NFE,0,1.8
SAN01,91950,SAN01-03,MEL,487,1.75
SAN01,91951,SAN01-03,MEL,0,1.75
SAN01,91945,SAN01-04,XAE,234,1.75
SAN01,92114,SAN01-04,XAE,543,1.75
SAN01,92139,SAN01-04,XAE,279,1.75
SAN01,91946,SAN01-05,NFE,0,2.2
SAN01,92101,SAN01-05,NFE,473,2.25
SAN01,92103,SAN01-05,NFE,234,2.2
SAN01,92110,SAN01-05,NFE,205,2.2
SAN01,92112,SAN01-05,NFE,0,2.2
SAN01,92137,SAN01-05,NFE,0,2.2
SAN01,92138,SAN01-05,NFE,0,2.2
SAN01,92140,SAN01-05,NFE,0,2.2
SAN01,92152,SAN01-05,NFE,0,2.2
SAN01,92163,SAN01-05,NFE,0,2.2
SAN01,92166,SAN01-05,NFE,0,2.2
SAN01,92167,SAN01-05,NFE,0,2.2
SAN01,92168,SAN01-05,NFE,0,2.2
SAN01,92186,SAN01-05,NFE,0,2.2
SAN01,91941,SAN01-06,SDG,243,1.9
SAN01,91942,SAN01-06,SDG,318,1.9
SAN01,91943,SAN01-06,SDG,0,1.9
SAN01,91944,SAN01-06,SDG,0,1.9
SAN01,91976,SAN01-06,SDG,0,1.9
SAN01,91977,SAN01-06,SDG,586,1.9
SAN01,91978,SAN01-06,SDG,105,1.9
SAN01,91979,SAN01-06,SDG,0,1.9
SAN01,92019,SAN01-06,SDG,440,1.9
SAN01,92022,SAN01-06,SDG,0,1.9
SAN01,92072,SAN01-06,SDG,0,1.9
SAN01,92159,SAN01-06,SDG,0,1.9
SAN01,92160,SAN01-06,SDG,0,1.9
SAN01,92175,SAN01-06,SDG,0,1.9
SAN01,92195,SAN01-06,SDG,0,1.9
SAN01,92020,SAN01-07,MEL,495,1.85
SAN01,92021,SAN01-07,MEL,680,1.85
SAN01,92040,SAN01-07,MEL,398,1.9
SAN01,92071,SAN01-07,MEL,413,1.85
SAN01,92026,SAN01-08,SDG,454,2
SAN01,92027,SAN01-08,SDG,421,2
SAN01,92025,SAN01-09,SDG,329,2
SAN01,92029,SAN01-09,SDG,170,2
SAN01,92033,SAN01-09,SDG,0,2
SAN01,92046,SAN01-09,SDG,0,2
SAN01,92128,SAN01-09,SDG,276,2
SAN01,92150,SAN01-09,SDG,0,2
SAN01,92197,SAN01-09,SDG,0,2
SAN01,92198,SAN01-09,SDG,0,2
SAN01,92199,SAN01-09,SDG,0,2
SAN01,92064,SAN01-10,XAE,298,1.95
SAN01,92074,SAN01-10,XAE,0,1.95
SAN01,92131,SAN01-10,XAE,218,1.95
SAN01,92196,SAN01-10,XAE,0,1.95
SAN01,92003,SAN01-11,SDG,62,2
SAN01,92018,SAN01-11,SDG,0,2
SAN01,92049,SAN01-11,SDG,0,2
SAN01,92051,SAN01-11,SDG,0,2
SAN01,92052,SAN01-11,SDG,0,2
SAN01,92054,SAN01-11,SDG,261,2
SAN01,92057,SAN01-11,SDG,385,2
SAN01,92013,SAN01-12,XAE,0,2
SAN01,92056,SAN01-12,XAE,369,2
SAN01,92083,SAN01-12,XAE,240,2
SAN01,92069,SAN01-13,XAE,324,2
SAN01,92079,SAN01-13,XAE,0,2
SAN01,92084,SAN01-13,XAE,345,2
SAN01,92085,SAN01-13,XAE,0,2
SAN01,92014,SAN01-14,NFE,85,2.05
SAN01,92067,SAN01-14,NFE,35,2.05
SAN01,92075,SAN01-14,NFE,74,2.05
SAN01,92091,SAN01-14,NFE,19,2.05
SAN01,92126,SAN01-14,NFE,521,2.05
SAN01,92127,SAN01-14,NFE,284,2.05
SAN01,92129,SAN01-14,NFE,311,2
SAN01,92130,SAN01-14,NFE,318,2.05
SAN01,92172,SAN01-14,NFE,0,2
SAN01,92191,SAN01-14,NFE,0,2
SAN01,92192,SAN01-14,NFE,0,2
SAN01,92007,SAN01-15,MEL,64,2
SAN01,92008,SAN01-15,MEL,184,2
SAN01,92009,SAN01-15,MEL,249,2
SAN01,92010,SAN01-15,MEL,108,2
SAN01,92011,SAN01-15,MEL,155,2
SAN01,92023,SAN01-15,MEL,0,2
SAN01,92024,SAN01-15,MEL,306,2
SAN01,92078,SAN01-15,MEL,328,2
SAN01,92081,SAN01-15,MEL,190,2
SAN01,92096,SAN01-15,MEL,0,2
SAN01,92108,SAN01-16,XAE,276,1.9
SAN01,92111,SAN01-16,XAE,339,1.9
SAN01,92123,SAN01-16,XAE,258,1.9
SAN01,92193,SAN01-16,XAE,0,1.9
SAN01,92119,SAN01-17,SDG,146,1.85
SAN01,92120,SAN01-17,SDG,236,1.9
SAN01,92124,SAN01-17,SDG,209,1.85
SAN01,92142,SAN01-17,SDG,0,1.85
SAN01,92037,SAN01-18,SDG,234,2
SAN01,92038,SAN01-18,SDG,0,2
SAN01,92039,SAN01-18,SDG,0,1.95
SAN01,92092,SAN01-18,SDG,9,1.95
SAN01,92093,SAN01-18,SDG,1,1.95
SAN01,92106,SAN01-18,SDG,127,1.95
SAN01,92107,SAN01-18,SDG,178,1.95
SAN01,92109,SAN01-18,SDG,342,1.95
SAN01,92117,SAN01-18,SDG,334,1.95
SAN01,92121,SAN01-18,SDG,40,2
SAN01,92122,SAN01-18,SDG,222,2
SAN01,92161,SAN01-18,SDG,0,1.95
SAN01,92169,SAN01-18,SDG,0,1.95
SAN01,92171,SAN01-18,SDG,0,1.95
SAN01,92177,SAN01-18,SDG,0,1.95
SAN01,91902,SAN01-19,MEL,149,1.9
SAN01,91910,SAN01-19,MEL,653,1.85
SAN01,91911,SAN01-19,MEL,770,1.85
SAN01,92104,SAN01-20,NFE,309,2.05
SAN01,92105,SAN01-20,NFE,542,2.05
SAN01,92115,SAN01-20,NFE,485,2.05
SAN01,92116,SAN01-20,NFE,207,2.05
SAN01,92165,SAN01-20,NFE,0,2.05
SAN01,92176,SAN01-20,NFE,0,2.05
SAN01,92182,SAN01-20,NFE,1,2.05
SAN01,92102,SAN01-21,NFE,297,1.85
SAN01,92113,SAN01-21,NFE,416,1.85
SAN01,92170,SAN01-21,NFE,0,1.85
SFV01,91202,SFV01-001,CNS,202,1.7
SFV01,91207,SFV01-001,CNS,95,1.7
SFV01,91501,SFV01-001,CNS,183,1.7
SFV01,91504,SFV01-001,CNS,253,1.7
SFV01,91208,SFV01-001,CNS,140,1.7
SFV01,91012,SFV01-001,CNS,0,1.7
SFV01,91331,SFV01-002,UNS,974,1.85
SFV01,91333,SFV01-002,UNS,0,1.75
SFV01,91334,SFV01-002,UNS,0,1.75
SFV01,91345,SFV01-002,UNS,213,1.75
SFV01,91346,SFV01-002,UNS,0,1.75
SFV01,91395,SFV01-002,UNS,0,1.75
SFV01,91352,SFV01-002,UNS,527,1.85
SFV01,91502,SFV01-002,UNS,118,1.85
SFV01,91340,SFV01-003,DMIS,319,1.9
SFV01,91341,SFV01-003,DMIS,0,1.9
SFV01,91342,SFV01-003,DMIS,1019,1.9
SFV01,91392,SFV01-003,DMIS,0,1.9
SFV01,91355,SFV01-004,HHU,300,1.9
SFV01,91381,SFV01-004,HHU,238,1.9
SFV01,91382,SFV01-004,HHU,0,1.9
SFV01,91384,SFV01-004,HHU,256,2.05
SFV01,91343,SFV01-005,NFE,622,1.85
SFV01,91344,SFV01-005,NFE,588,1.85
SFV01,91001,SFV01-006,CNS,181,1.7
SFV01,91011,SFV01-006,CNS,142,1.7
SFV01,91020,SFV01-006,CNS,83,1.7
SFV01,91040,SFV01-006,CNS,257,1.7
SFV01,91042,SFV01-006,CNS,287,1.7
SFV01,91214,SFV01-006,CNS,228,1.7
SFV01,91406,SFV01-007,HHU,560,1.95
SFV01,91436,SFV01-007,HHU,149,2.05
SFV01,91316,SFV01-007,HHU,292,1.95
SFV01,91330,SFV01-008,CHT,2,1.95
SFV01,91325,SFV01-008,CHT,392,1.95
SFV01,91324,SFV01-008,CHT,333,1.95
SFV01,91326,SFV01-008,CHT,364,1.95
SFV01,91311,SFV01-008,CHT,483,1.95
SFV01,91321,SFV01-009,HHU,347,1.95
SFV01,91350,SFV01-009,HHU,429,1.85
SFV01,91354,SFV01-009,HHU,331,1.85
SFV01,91380,SFV01-009,HHU,0,1.85
SFV01,91351,SFV01-010,HHU,389,1.85
SFV01,91387,SFV01-010,HHU,526,1.95
SFV01,93020,SFV01-020,DMIS,0,1.95
SFV01,93021,SFV01-020,DMIS,352,1.95
SFV01,93062,SFV01-020,DMIS,0,1.95
SFV01,93065,SFV01-020,DMIS,762,1.95
SFV01,91319,SFV01-021,DMIS,0,1.95
SFV01,91320,SFV01-021,DMIS,363,1.95
SFV01,91361,SFV01-021,DMIS,186,1.95
SFV01,91359,SFV01-021,DMIS,0,1.95
SFV01,91360,SFV01-021,DMIS,376,1.95
SFV01,91362,SFV01-021,DMIS,324,1.95
SFV01,91301,SFV01-022,DMIS,231,1.95
SFV01,91302,SFV01-022,DMIS,249,1.95
SFV01,91376,SFV01-022,DMIS,0,1.95
SFV01,91377,SFV01-022,DMIS,107,1.95
SFV01,91335,SFV01-026,NFE,815,1.9
SFV01,91356,SFV01-026,NFE,316,1.9
SFV01,91306,SFV01-026,NFE,483,1.9
SFV01,91303,SFV01-027,CNS,329,1.8
SFV01,91371,SFV01-027,CNS,0,1.8
SFV01,91367,SFV01-027,CNS,466,1.8
SFV01,91364,SFV01-027,CNS,281,1.8
SFV01,91313,SFV01-028,CNS,0,1.7
SFV01,91304,SFV01-028,CNS,601,1.7
SFV01,91307,SFV01-028,CNS,254,1.7
SFV01,93064,SFV01-028,CNS,0,1.7
SFV01,93063,SFV01-028,CNS,574,1.7
SFV01,93094,SFV01-028,CNS,0,1.7
SFV01,93099,SFV01-028,CNS,0,1.7
SFV02,93550,SFV02-011,HHU,733,1.85
SFV02,93535,SFV02-012,HHU,900,1.9
SFV02,91390,SFV02-016,HHU,245,2.1
SFV02,93510,SFV02-016,HHU,88,2.1
SFV02,93551,SFV02-016,HHU,589,2
SFV02,93536,SFV02-017,HHU,801,2
SFV02,93543,SFV02-018,HHU,161,1.85
SFV02,93553,SFV02-018,HHU,28,1.85
SFV02,93552,SFV02-018,HHU,453,1.85
SFV02,93591,SFV02-018,HHU,94,1.85
SFV02,93534,SFV02-019,HHU,433,1.85
SMX01,93444,SMX01-001,RWV,309,2.2
SMX01,93420,SMX01-001,RWV,393,2.2
SMX01,93449,SMX01-001,RWV,107,2.2
SMX01,93433,SMX01-001,RWV,171,2.2
SMX01,93445,SMX01-001,RWV,87,2.2
SMX01,93401,SMX01-002,RWV,365,2.3
SMX01,93405,SMX01-002,RWV,205,2.3
SMX01,93442,SMX01-002,RWV,150,2.3
SMX01,93422,SMX01-002,RWV,426,2.3
SMX01,93465,SMX01-002,RWV,133,2.3
SMX01,93446,SMX01-002,RWV,718,2.3
SMX01,93454,SMX01-003,RWV,579,2.2
SMX01,93458,SMX01-003,RWV,726,2.2
SMX01,93436,SMX01-004,RWV,749,2.2
SMX01,93455,SMX01-004,RWV,651,2.2
VTC01,93033,VTC-001,RWV,730,2
VTC01,93030,VTC-001,RWV,536,2
VTC01,93043,VTC-001,RWV,0,2
VTC01,93041,VTC-001,RWV,298,2
VTC01,93012,VTC-002,RWV,340,2
VTC01,93010,VTC-002,RWV,432,2
VTC01,93066,VTC-002,RWV,34,2
VTC01,93035,VTC-003,RWV,278,2
VTC01,93036,VTC-003,RWV,468,2
VTC01,93060,VTC-003,RWV,319,2
VTC01,93015,VTC-003,RWV,205,2
VTC01,93040,VTC-003,RWV,27,2
VTC01,93001,VTC-004,RWV,410,2
VTC01,93003,VTC-004,RWV,473,2
VTC01,93004,VTC-004,RWV,319,2
VTC01,93023,VTC-004,RWV,253,2
VTC01,93022,VTC-004,RWV,85,2
VTC01,93109,VTC-005,RWV,108,2.2
VTC01,93105,VTC-005,RWV,268,2.2
VTC01,93101,VTC-005,RWV,369,2.2
VTC01,93130,VTC-005,RWV,0,2.2
VTC01,93121,VTC-005,RWV,0,2.2
VTC01,93120,VTC-005,RWV,0,2.2
VTC01,93102,VTC-005,RWV,0,2.2
VTC01,93108,VTC-005,RWV,128,2.2
VTC01,93103,VTC-005,RWV,229,2.2
VTC01,93140,VTC-005,RWV,0,2.2
VTC01,93013,VTC-005,RWV,206,2.2
VTC01,93117,VTC-006,RWV,467,2.2
VTC01,93116,VTC-006,RWV,0,2.2
VTC01,93111,VTC-006,RWV,206,2.2
VTC01,93110,VTC-006,RWV,191,2.2
VTC01,93160,VTC-006,RWV,0,2.2
YUM01,92231,YUM01-001,SDG,872,2.2
YUM01,92249,YUM01-001,SDG,100,2.2
YUM01,92227,YUM01-003,SDG,413,2.2
YUM01,92243,YUM01-003,SDG,702,2.2
YUM01,92251,YUM01-003,SDG,425,2.2
YUM02,85336,YUM02-002,SDG,251,2.2
YUM02,85349,YUM02-002,SDG,59,2.2
YUM02,85350,YUM02-002,SDG,100,2.2
YUM02,85364,YUM02-002,SDG,801,2.2
YUM02,85365,YUM02-004,SDG,688,2.2
YUM02,85367,YUM02-004,SDG,281,2.2
