zip,price,station
93203,1.85,
93215,1.95,
93219,1.95,
93241,1.85,
93250,1.90,
93256,1.95,
93257,1.95,
93263,1.85,
93268,1.90,
93270,1.95,
93272,1.95,
93280,1.90,
93301,1.85,
93304,1.85,
93305,1.85,
93306,1.85,
93307,1.85,
93308,1.85,
93309,1.85,
93311,1.85,
93312,1.85,
93313,1.85,
93314,1.85,
91701,1.70,
91708,1.70,
91709,1.70,
91710,1.70,
91711,1.85,
91729,1.75,
91730,1.70,
91737,1.70,
91739,1.70,
91750,1.85,
91752,1.55,
91762,1.70,
91763,1.70,
91764,1.75,
91766,1.625,
91767,1.65,
91768,1.65,
91769,1.65,
91784,1.75,
91785,1.75,
91786,1.75,
92220,1.95,
92223,1.95,
92230,1.95,
92301,1.90,
92307,1.85,
92308,1.85,
92311,1.90,
92313,1.75,
92316,1.70,
92318,1.75,
92320,1.95,
92324,1.75,
92331,1.70,
92334,1.70,
92335,1.70,
92336,1.70,
92337,1.70,
92340,1.85,
92342,1.90,
92344,1.85,
92345,1.85,
92346,1.70,
92350,1.75,
92354,1.75,
92359,1.75,
92371,1.90,
92373,1.75,
92374,1.75,
92375,1.75,
92376,1.70,
92377,1.70,
92392,1.85,
92393,1.80,
92394,1.80,
92395,1.80,
92399,1.75,
92401,1.70,
92404,1.70,
92405,1.70,
92406,1.70,
92407,1.70,
92408,1.70,
92410,1.70,
92411,1.70,
92413,1.70,
92423,1.70,
92501,1.80,
92502,1.80,
92503,1.60,
92504,1.60,
92505,1.75,
92506,1.80,
92507,1.80,
92508,1.60,
92509,1.55,
92513,1.55,
92517,1.80,
92518,1.85,
92521,1.80,
92530,1.70,
92532,1.75,
92543,1.70,
92544,1.85,
92545,1.70,
92548,1.70,
92551,1.70,
92552,1.70,
92553,1.70,
92555,1.70,
92556,1.70,
92557,1.70,
92562,2.00,
92563,1.85,
92567,1.70,
92570,2.00,
92571,1.85,
92582,1.70,
92583,1.70,
92584,1.85,
92585,1.85,
92586,1.85,
92587,1.75,
92589,2.00,
92590,2.00,
92591,1.85,
92592,1.85,
92595,1.75,
92596,1.85,
92808,1.85,
92860,1.75,
92877,1.70,
92878,1.70,
92879,1.75,
92880,1.70,
92881,1.70,
92882,1.70,
92883,1.70,
92887,1.85,
93204,2.00,
93210,2.00,
93212,2.00,
93221,1.95,
93223,1.95,
93230,2.00,
93235,1.95,
93245,2.00,
93247,2.00,
93267,2.00,
93274,2.00,
93277,1.95,
93286,1.95,
93291,1.95,
93292,1.95,
93610,1.95,
93611,1.85,
93612,1.85,
93615,1.80,
93616,1.80,
93618,1.80,
93619,1.85,
93620,2.00,
93622,2.00,
93625,1.80,
93630,1.85,
93631,1.80,
93635,2.00,
93636,1.85,
93637,1.85,
93638,1.85,
93640,2.00,
93646,1.80,
93647,1.80,
93648,1.80,
93650,1.80,
93654,1.80,
93657,1.85,
93660,1.85,
93662,1.80,
93668,1.85,
93701,1.80,
93702,1.80,
93703,1.80,
93704,1.80,
93705,1.80,
93706,1.85,
93710,1.85,
93711,1.80,
93720,1.85,
93721,1.80,
93722,1.85,
93723,1.85,
93725,1.80,
93726,1.85,
93727,1.85,
93728,1.80,
93730,1.85,
93737,1.85,
95301,1.95,
95317,1.95,
95333,1.95,
95340,1.95,
95341,1.95,
95348,1.95,
95365,1.95,
95388,1.95,
90041,1.65,LAX01
90042,1.65,LAX01
90050,1.65,LAX01
90239,1.60,
90240,1.60,
90241,1.60,
90242,1.60,
90603,1.55,
90604,1.55,
90605,1.55,
90607,1.55,
90621,1.55,
90631,1.55,
90633,1.55,
90638,1.55,
90639,1.55,
90650,1.60,
90651,1.60,
90670,1.60,
91006,1.55,
91007,1.55,
91008,1.55,
91009,1.55,
91010,1.55,
91016,1.55,
91017,1.55,
91024,1.55,
91030,1.60,
91031,1.60,
91066,1.55,
91101,1.75,
91103,1.75,
91104,1.75,
91105,1.75,
91106,1.75,
91107,1.75,
91108,1.75,
91109,1.75,
91117,1.75,
91118,1.60,
91125,1.75,
91126,1.75,
91702,1.60,
91706,1.55,
91715,1.55,
91722,1.60,
91723,1.60,
91724,1.60,
91731,1.55,
91732,1.55,
91733,1.55,
91734,1.55,
91740,1.60,
91741,1.60,
91744,1.55,
91745,1.55,
91747,1.55,
91748,1.55,
91765,1.55,
91770,1.60,
91773,1.60,
91775,1.60,
91776,1.60,
91780,1.55,
91788,1.55,
91789,1.55,
91790,1.55,
91791,1.55,
91792,1.55,
91793,1.55,
91801,1.60,
91802,1.60,
91803,1.60,
92806,1.75,
92807,1.75,
92817,1.75,
92821,1.55,
92822,1.55,
92823,1.55,
92831,1.65,
92832,1.65,
92833,1.65,
92834,1.65,
92835,1.65,
92836,1.65,
92861,1.75,
92865,1.75,
92867,1.75,
92869,1.75,
92870,1.55,
92871,1.55,
92886,1.55,
90001,1.70,
90002,1.70,
90003,1.70,
90004,2.05,
90005,2.05,
90006,2.05,
90007,1.75,
90008,1.90,
90010,2.05,
90011,1.75,
90012,2.20,
90013,2.20,
90014,2.20,
90015,2.20,
90016,1.90,
90017,2.20,
90018,1.75,
90019,2.05,
90020,2.05,
90021,2.20,
90022,1.65,
90023,1.65,
90024,2.05,
90025,2.05,
90026,2.20,
90027,2.10,
90028,2.10,
90029,2.05,
90031,1.70,
90032,1.70,
90033,2.20,
90034,1.90,
90035,1.95,
90036,1.95,
90037,1.75,
90038,2.05,
90039,1.90,
90040,1.65,
90041,1.70,LAX02
90042,1.70,LAX02
90043,1.80,
90044,1.75,
90045,1.85,
90046,2.05,
90047,1.75,
90048,1.95,
90049,1.90,
90050,1.70,LAX02
90056,1.90,
90057,2.20,
90058,1.65,
90059,1.65,
90061,1.65,
90062,1.75,
90063,1.65,
90064,2.05,
90065,1.70,
90066,1.90,
90067,2.05,
90068,2.10,
90069,1.95,
90071,2.20,
90073,2.05,
90079,2.20,
90089,1.75,
90094,2.15,
90095,2.05,
90201,1.70,
90209,1.95,
90210,1.90,
90211,1.95,
90212,2.05,
90213,2.05,
90220,1.65,
90221,1.65,
90222,1.65,
90223,1.65,
90230,1.90,
90232,1.90,
90245,1.85,
90247,1.80,
90248,1.80,
90249,1.75,
90250,1.75,
90251,1.75,
90254,1.85,
90255,1.70,
90260,1.75,
90262,1.65,
90266,1.85,
90267,1.85,
90270,1.65,
90274,1.95,
90275,1.95,
90277,1.80,
90278,1.85,
90280,1.70,
90291,1.90,
90292,2.15,
90293,1.85,
90294,1.90,
90301,1.80,
90302,1.80,
90303,1.80,
90304,1.80,
90305,1.80,
90308,1.80,
90401,1.90,
90402,1.90,
90403,1.90,
90404,1.90,
90405,1.90,
90501,1.80,
90502,1.80,
90503,1.80,
90504,1.80,
90505,1.80,
90510,1.80,
90601,1.75,
90602,1.75,
90606,1.75,
90640,1.65,
90660,1.75,
90710,1.80,
90717,1.80,
90731,1.95,
90732,1.95,
90744,1.80,
90745,1.80,
90746,1.80,
90748,1.80,
90749,1.80,
91201,1.90,
91203,1.90,
91204,1.90,
91205,1.90,
91206,1.90,
91210,1.90,
91221,1.90,
91401,1.90,
91402,1.90,
91403,1.90,
91405,1.90,
91411,1.90,
91423,1.90,
91505,1.85,
91506,1.85,
91507,1.85,
91601,1.85,
91602,1.85,
91603,1.85,
91604,2.05,
91605,1.90,
91606,1.85,
91607,1.85,
91610,1.85,
91617,1.85,
91746,1.75,
91754,1.65,
91755,1.65,
91756,1.65,
90620,1.70,
90623,1.70,
90630,1.70,
90680,1.70,
90701,1.70,
90702,1.70,
90703,1.70,
90706,1.70,
90712,1.70,
90713,1.70,
90714,1.70,
90715,1.70,
90716,1.70,
90720,1.70,
90723,1.70,
90740,1.70,
90755,1.70,
90801,1.70,
90802,1.70,
90803,1.70,
90804,1.70,
90805,1.70,
90806,1.70,
90807,1.70,
90808,1.70,
90810,1.70,
90813,1.70,
90814,1.70,
90815,1.70,
90831,1.70,
90840,1.70,
92602,1.90,
92603,1.85,
92604,1.85,
92606,1.85,
92607,2.00,
92610,2.10,
92612,1.85,
92614,1.85,
92615,1.75,
92616,1.85,
92617,1.85,
92618,1.85,
92620,1.90,
92623,1.85,
92624,2.10,
92625,2.10,
92626,1.75,
92627,1.75,
92628,1.75,
92629,2.10,
92630,1.85,
92637,2.00,
92646,1.75,
92647,1.75,
92648,1.75,
92649,1.75,
92651,2.10,
92653,2.00,
92654,2.00,
92655,1.70,
92656,2.00,
92657,2.10,
92658,1.85,
92660,1.85,
92661,2.10,
92662,2.10,
92663,1.85,
92672,2.05,
92673,2.05,
92675,2.05,
92677,2.00,
92679,2.10,
92683,1.70,
92688,1.85,
92691,1.85,
92692,1.85,
92694,2.10,
92697,1.85,
92701,1.75,
92702,1.75,
92703,1.70,
92704,1.75,
92705,1.90,
92706,1.75,
92707,1.75,
92708,1.70,
92711,1.75,
92780,1.90,
92781,1.90,
92782,1.90,
92801,1.70,
92802,1.70,
92803,1.70,
92804,1.70,
92805,1.70,
92812,1.70,
92840,1.70,
92841,1.70,
92842,1.70,
92843,1.70,
92844,1.70,
92845,1.70,
92846,1.70,
92866,1.75,
92868,1.75,
92201,2.20,
92203,2.15,
92210,2.20,
92211,2.20,
92234,2.20,
92236,2.15,
92240,2.15,
92241,2.15,
92253,2.20,
92258,2.15,
92260,2.20,
92262,2.20,
92264,2.20,
92270,2.20,
92276,2.15,
92282,2.15,
91902,2.00,
91908,1.95,
91909,1.95,
91910,1.95,
91911,1.95,
91912,1.95,
91913,1.95,
91914,1.95,
91915,1.95,
91921,1.95,
91932,1.95,
91933,1.95,
91941,2.00,
91942,2.00,
91943,2.00,
91944,2.00,
91945,1.85,
91946,2.25,
91950,1.85,
91951,1.85,
91976,2.00,
91977,2.00,
91978,2.00,
91979,2.00,
92003,2.05,
92007,2.00,
92008,2.00,
92009,2.00,
92010,2.00,
92011,2.00,
92013,2.10,
92014,2.05,
92018,2.05,
92019,2.00,
92020,1.95,
92021,1.95,
92022,2.00,
92023,2.00,
92024,2.00,
92025,2.05,
92026,2.05,
92027,2.05,
92029,2.05,
92033,2.05,
92037,2.05,
92038,2.05,
92039,2.05,
92040,1.95,
92046,2.05,
92049,2.05,
92051,2.05,
92052,2.05,
92054,2.05,
92056,2.10,
92057,2.05,
92064,1.95,
92067,2.05,
92069,2.00,
92071,1.95,
92072,2.00,
92074,1.95,
92075,2.05,
92078,2.00,
92079,2.00,
92081,2.00,
92083,2.10,
92084,2.00,
92085,2.00,
92091,2.05,
92092,2.05,
92093,2.05,
92096,2.00,
92101,2.25,
92102,1.95,
92103,2.25,
92104,2.15,
92105,2.15,
92106,2.05,
92107,2.05,
92108,1.95,
92109,2.05,
92110,2.25,
92111,1.95,
92112,2.25,
92113,1.95,
92114,1.85,
92115,2.15,
92116,2.15,
92117,2.05,
92119,1.95,
92120,1.95,
92121,2.05,
92122,2.05,
92123,1.95,
92124,1.95,
92126,2.05,
92127,2.05,
92128,2.05,
92129,2.05,
92130,2.05,
92131,1.95,
92137,2.25,
92138,2.25,
92139,1.85,
92140,2.25,
92142,1.95,
92149,1.95,
92150,2.05,
92152,2.25,
92153,1.95,
92154,1.95,
92159,2.00,
92160,2.00,
92161,2.05,
92163,2.25,
92165,2.15,
92166,2.25,
92167,2.25,
92168,2.25,
92169,2.05,
92170,1.95,
92171,2.05,
92172,2.05,
92173,1.95,
92174,1.95,
92175,2.00,
92176,2.15,
92177,2.05,
92182,2.15,
92186,2.25,
92191,2.05,
92192,2.05,
92193,1.95,
92195,2.00,
92196,1.95,
92197,2.05,
92198,2.05,
92199,2.05,
91001,1.70,
91011,1.70,
91012,1.70,
91020,1.70,
91040,1.70,
91042,1.70,
91202,1.70,
91207,1.70,
91208,1.70,
91214,1.70,
91301,1.95,
91302,1.95,
91303,1.80,
91304,1.70,
91306,1.95,
91307,1.70,
91311,2.00,
91313,1.70,
91316,2.05,
91319,1.95,
91320,1.95,
91321,1.95,
91324,2.00,
91325,2.00,
91326,2.00,
91330,2.00,
91331,1.85,
91333,1.85,
91334,1.85,
91335,1.95,
91340,1.95,
91341,1.95,
91342,1.95,
91343,1.95,
91344,1.95,
91345,1.85,
91346,1.85,
91350,1.95,
91351,1.95,
91352,1.85,
91354,1.95,
91355,1.95,
91356,1.95,
91359,1.95,
91360,1.95,
91361,1.95,
91362,1.95,
91364,1.80,
91367,1.80,
91371,1.80,
91376,1.95,
91377,1.95,
91380,1.95,
91381,1.95,
91382,1.95,
91384,2.05,
91387,1.95,
91392,1.95,
91395,1.85,
91406,2.05,
91436,2.05,
91501,1.70,
91502,1.85,
91504,1.70,
93020,1.95,
93021,1.95,
93062,1.95,
93063,1.70,
93064,1.70,
93065,1.95,
93094,1.70,
93099,1.70,
91390,2.10,
93510,2.10,
93534,1.90,
93535,1.90,
93536,2.00,
93543,1.90,
93550,1.90,
93551,2.00,
93552,1.90,
93553,1.90,
93591,1.90,
93401,2.30,
93405,2.30,
93420,2.20,
93422,2.30,
93433,2.20,
93436,2.20,
93442,2.30,
93444,2.20,
93445,2.20,
93446,2.30,
93449,2.20,
93454,2.20,
93455,2.20,
93458,2.20,
93465,2.30,
93001,2.00,
93003,2.00,
93004,2.00,
93010,2.00,
93012,2.00,
93013,2.20,
93015,2.00,
93022,2.00,
93023,2.00,
93030,2.00,
93033,2.00,
93035,2.00,
93036,2.00,
93040,2.00,
93041,2.00,
93043,2.00,
93060,2.00,
93066,2.00,
93101,2.20,
93102,2.20,
93103,2.20,
93105,2.20,
93108,2.20,
93109,2.20,
93110,2.20,
93111,2.20,
93116,2.20,
93117,2.20,
93120,2.20,
93121,2.20,
93130,2.20,
93140,2.20,
93160,2.20,
92227,2.20,
92231,2.20,
92243,2.20,
92249,2.20,
92251,2.20,
85336,2.20,
85349,2.20,
85350,2.20,
85364,2.20,
85365,2.20,
85367,2.20,
